Id,MSSubClass,MSZoning,LotFrontage,LotArea,Street,Alley,LotShape,LandContour,Utilities,LotConfig,LandSlope,Neighborhood,Condition1,Condition2,BldgType,HouseStyle,OverallQual,OverallCond,YearBuilt,YearRemodAdd,RoofStyle,RoofMatl,Exterior1st,Exterior2nd,MasVnrType,MasVnrArea,ExterQual,ExterCond,Foundation,BsmtQual,BsmtCond,BsmtExposure,BsmtFinType1,BsmtFinSF1,BsmtFinType2,BsmtFinSF2,BsmtUnfSF,TotalBsmtSF,Heating,HeatingQC,CentralAir,Electrical,1stFlrSF,2ndFlrSF,LowQualFinSF,GrLivArea,BsmtFullBath,BsmtHalfBath,FullBath,HalfBath,BedroomAbvGr,KitchenAbvGr,KitchenQual,TotRmsAbvGrd,Functional,Fireplaces,FireplaceQu,GarageType,GarageYrBlt,GarageFinish,GarageCars,GarageArea,GarageQual,GarageCond,PavedDrive,WoodDeckSF,OpenPorchSF,EnclosedPorch,3SsnPorch,ScreenPorch,PoolArea,PoolQC,Fence,MiscFeature,MiscVal,MoSold,YrSold,SaleType,SaleCondition,SalePrice
1,60,RL,65,8450,Pave,NA,Reg,Lvl,AllPub,Inside,Gtl,a,Norm,Norm,1Fam,2Story,7,5,2003,2003,Gable,CompShg,VinylSd,VinylSd,BrkFace,196,Gd,TA,PConc,Gd,TA,No,GLQ,706,Unf,0,150,856,GasA,Ex,Y,SBrkr,856,854,0,1710,1,0,2,1,3,1,Gd,8,Typ,0,NA,Attchd,2003,RFn,2,548,TA,TA,Y,0,61,0,0,0,0,NA,NA,NA,0,2,2008,WD,Normal,100
2,20,RL,80,9600,Pave,NA,Reg,Lvl,AllPub,FR2,Gtl,b,Feedr,Norm,1Fam,1Story,6,8,1976,1976,Gable,CompShg,MetalSd,MetalSd,None,0,TA,TA,CBlock,Gd,TA,Gd,ALQ,978,Unf,0,284,1262,GasA,Ex,Y,SBrkr,1262,0,0,1262,0,1,2,0,3,1,TA,6,Typ,1,TA,Attchd,1976,RFn,2,460,TA,TA,Y,298,0,0,0,0,0,NA,NA,NA,0,5,2007,WD,Normal,1
3,60,RL,68,11250,Pave,NA,IR1,Lvl,AllPub,Inside,Gtl,c,Norm,Norm,1Fam,2Story,7,5,2001,2002,Gable,CompShg,VinylSd,VinylSd,BrkFace,162,Gd,TA,PConc,Gd,TA,Mn,GLQ,486,Unf,0,434,920,GasA,Ex,Y,SBrkr,920,866,0,1786,1,0,2,1,3,1,Gd,6,Typ,1,TA,Attchd,2001,RFn,2,608,TA,TA,Y,0,42,0,0,0,0,NA,NA,NA,0,9,2008,WD,Normal,50
4,70,RL,60,9550,Pave,NA,IR1,Lvl,AllPub,Corner,Gtl,a,Norm,Norm,1Fam,2Story,7,5,1915,1970,Gable,CompShg,Wd Sdng,Wd Shng,None,0,TA,TA,BrkTil,TA,Gd,No,ALQ,216,Unf,0,540,756,GasA,Gd,Y,SBrkr,961,756,0,1717,1,0,1,0,3,1,Gd,7,Typ,1,Gd,Detchd,1998,Unf,3,642,TA,TA,Y,0,35,272,0,0,0,NA,NA,NA,0,2,2006,WD,Abnorml,200
5,60,RL,84,14260,Pave,NA,IR1,Lvl,AllPub,FR2,Gtl,b,Norm,Norm,1Fam,2Story,8,5,2000,2000,Gable,CompShg,VinylSd,VinylSd,BrkFace,350,Gd,TA,PConc,Gd,TA,Av,GLQ,655,Unf,0,490,1145,GasA,Ex,Y,SBrkr,1145,1053,0,2198,1,0,2,1,4,1,Gd,9,Typ,1,TA,Attchd,2000,RFn,3,836,TA,TA,Y,192,84,0,0,0,0,NA,NA,NA,0,12,2008,WD,Normal,2
6,50,RL,85,14115,Pave,NA,IR1,Lvl,AllPub,Inside,Gtl,b,Norm,Norm,1Fam,1.5Fin,5,5,1993,1995,Gable,CompShg,VinylSd,VinylSd,None,0,TA,TA,Wood,Gd,TA,No,GLQ,732,Unf,0,64,796,GasA,Ex,Y,SBrkr,796,566,0,1362,1,0,1,1,1,1,TA,5,Typ,0,NA,Attchd,1993,Unf,2,480,TA,TA,Y,40,30,0,320,0,0,NA,MnPrv,Shed,700,10,2009,WD,Normal,3
7,20,RL,75,10084,Pave,NA,Reg,Lvl,AllPub,Inside,Gtl,b,Norm,Norm,1Fam,1Story,8,5,2004,2005,Gable,CompShg,VinylSd,VinylSd,Stone,186,Gd,TA,PConc,Ex,TA,Av,GLQ,1369,Unf,0,317,1686,GasA,Ex,Y,SBrkr,1694,0,0,1694,1,0,2,0,3,1,Gd,7,Typ,1,Gd,Attchd,2004,RFn,2,636,TA,TA,Y,255,57,0,0,0,0,NA,NA,NA,0,8,2007,WD,Normal,4
8,60,RL,NA,10382,Pave,NA,IR1,Lvl,AllPub,Corner,Gtl,b,PosN,Norm,1Fam,2Story,7,6,1973,1973,Gable,CompShg,HdBoard,HdBoard,Stone,240,TA,TA,CBlock,Gd,TA,Mn,ALQ,859,BLQ,32,216,1107,GasA,Ex,Y,SBrkr,1107,983,0,2090,1,0,2,1,3,1,TA,7,Typ,2,TA,Attchd,1973,RFn,2,484,TA,TA,Y,235,204,228,0,0,0,NA,NA,Shed,350,11,2009,WD,Normal,5
9,50,RM,51,6120,Pave,NA,Reg,Lvl,AllPub,Inside,Gtl,c,Artery,Norm,1Fam,1.5Fin,7,5,1931,1950,Gable,CompShg,BrkFace,Wd Shng,None,0,TA,TA,BrkTil,TA,TA,No,Unf,0,Unf,0,952,952,GasA,Gd,Y,FuseF,1022,752,0,1774,0,0,2,0,2,2,TA,8,Min1,2,TA,Detchd,1931,Unf,2,468,Fa,TA,Y,90,0,205,0,0,0,NA,NA,NA,0,4,2008,WD,Abnorml,60
10,190,RL,50,7420,Pave,NA,Reg,Lvl,AllPub,Corner,Gtl,c,Artery,Artery,2fmCon,1.5Unf,5,6,1939,1950,Gable,CompShg,MetalSd,MetalSd,None,0,TA,TA,BrkTil,TA,TA,No,GLQ,851,Unf,0,140,991,GasA,Ex,Y,SBrkr,1077,0,0,1077,1,0,1,0,2,2,TA,5,Typ,2,TA,Attchd,1939,RFn,1,205,Gd,TA,Y,0,4,0,0,0,0,NA,NA,NA,0,1,2008,WD,Normal,70
